Feature,Importance
FrequentUrination,6.854836009859411
Hypertension,4.569851339702837
ExcessiveThirst,4.526864923733899
UnexplainedWeightLoss,2.162851367553509
FatigueLevels,1.4798154427015442
Age,1.1453697819095552
SleepQuality,0.8301979243600421
BlurredVision,0.2583779652542494
SlowHealingSores,0.1995539320595962
TinglingHandsFeet,0.0425051687224525
